Constituent,Catchment,CampaignID,n_sites,CVs
NPOC..mg.C.L.,br,br_C1,20,0.24878645893633958
NPOC..mg.C.L.,br,br_C2,19,0.23718580083444404
NPOC..mg.C.L.,br,br_C3,20,0.17030504722780912
NPOC..mg.C.L.,nm,nm_C1,23,0.3917810321055468
NPOC..mg.C.L.,nm,nm_C2,22,0.6187829609255319
NPOC..mg.C.L.,nm,nm_C3,22,0.491142340157627
TDN..mg.N.L.,br,br_C1,20,0.4771251122408355
TDN..mg.N.L.,br,br_C2,19,0.5432228666193282
TDN..mg.N.L.,br,br_C3,20,0.5314128408804478
TDN..mg.N.L.,nm,nm_C1,23,0.8528757131358751
TDN..mg.N.L.,nm,nm_C2,22,0.6364788770041871
TDN..mg.N.L.,nm,nm_C3,22,0.684035890891828
