Constituent,Catchment,Site,n_sites,CVt
NPOC..mg.C.L.,br,BRA01,3,0.15922789102709436
NPOC..mg.C.L.,br,BRA02,3,0.3044820058660879
NPOC..mg.C.L.,br,BRAA1,3,0.054196307422656007
NPOC..mg.C.L.,br,BRAB1,3,0.10248294892779307
NPOC..mg.C.L.,br,BRB01,3,0.1796396959953067
NPOC..mg.C.L.,br,BRC01,3,0.11794208186200665
NPOC..mg.C.L.,br,BRCD1,3,0.15855334746239397
NPOC..mg.C.L.,br,BRD01,3,0.13103228817589552
NPOC..mg.C.L.,br,BRE01,3,0.13392442160134604
NPOC..mg.C.L.,br,BRF01,3,0.16666186512012446
NPOC..mg.C.L.,br,BRM01,3,0.11253429506540563
NPOC..mg.C.L.,br,BRM02,3,0.24230375793848327
NPOC..mg.C.L.,br,BRM04,3,0.06416587045381864
NPOC..mg.C.L.,br,BRM05,3,0.15618606713519606
NPOC..mg.C.L.,br,BRM06,3,0.20650125695938673
NPOC..mg.C.L.,br,BRM07,3,0.1344598721974868
NPOC..mg.C.L.,br,BRMQ1,3,0.16188941422316716
NPOC..mg.C.L.,br,BRMQ3,3,0.07680165252855445
NPOC..mg.C.L.,br,BRMQ4,3,0.10839261484531205
NPOC..mg.C.L.,nm,USF03,3,0.16125655303221179
NPOC..mg.C.L.,nm,USF04,3,0.16236469409557275
NPOC..mg.C.L.,nm,USF05,3,0.390655705890766
NPOC..mg.C.L.,nm,USF07,3,0.1948569439971459
NPOC..mg.C.L.,nm,USF12,3,0.16607155547171623
NPOC..mg.C.L.,nm,USF13,3,0.08981665975376249
NPOC..mg.C.L.,nm,USF14,3,0.04649504862499898
NPOC..mg.C.L.,nm,USF15,3,0.06284957853059593
NPOC..mg.C.L.,nm,USF16,3,0.14987203605133514
NPOC..mg.C.L.,nm,USF17,3,0.07969959306605755
NPOC..mg.C.L.,nm,USF18,3,0.04057255227704483
NPOC..mg.C.L.,nm,USF19,3,1.1578395733659386
NPOC..mg.C.L.,nm,USF20,3,0.1274455898668877
NPOC..mg.C.L.,nm,USF21,3,0.10832814453861671
NPOC..mg.C.L.,nm,USF22,3,0.040539933789840096
NPOC..mg.C.L.,nm,USF23,3,0.23223310829090607
NPOC..mg.C.L.,nm,USF24,3,0.19996797827984836
NPOC..mg.C.L.,nm,USF25,3,0.2111460960142396
NPOC..mg.C.L.,nm,USF26,3,0.17030071890920667
NPOC..mg.C.L.,nm,USF28,3,0.3478408831635522
NPOC..mg.C.L.,nm,USF29,3,0.3000283157418975
NPOC..mg.C.L.,nm,USF31,3,0.1552634745330436
TDN..mg.N.L.,br,BRA01,3,0.054587753297313295
TDN..mg.N.L.,br,BRA02,3,0.08990805791493524
TDN..mg.N.L.,br,BRAA1,3,0.08959906568817289
TDN..mg.N.L.,br,BRAB1,3,0.06571329625492467
TDN..mg.N.L.,br,BRB01,3,0.15724281706951854
TDN..mg.N.L.,br,BRC01,3,0.17981768704417972
TDN..mg.N.L.,br,BRCD1,3,0.44468514946045284
TDN..mg.N.L.,br,BRD01,3,0.25290302805132037
TDN..mg.N.L.,br,BRE01,3,0.1770983921006605
TDN..mg.N.L.,br,BRF01,3,0.40414518843273806
TDN..mg.N.L.,br,BRM01,3,0.06859428684753789
TDN..mg.N.L.,br,BRM02,3,0.12563273183513046
TDN..mg.N.L.,br,BRM04,3,0.6522447406692254
TDN..mg.N.L.,br,BRM05,3,0.1117454714868534
TDN..mg.N.L.,br,BRM06,3,0.13443691876231081
TDN..mg.N.L.,br,BRM07,3,0.2651135793923707
TDN..mg.N.L.,br,BRMQ1,3,0.07940169797898698
TDN..mg.N.L.,br,BRMQ3,3,0.3690502559454597
TDN..mg.N.L.,br,BRMQ4,3,0.22348864534659457
TDN..mg.N.L.,nm,USF03,3,0.08579357312807669
TDN..mg.N.L.,nm,USF04,3,0.12371791482634835
TDN..mg.N.L.,nm,USF05,3,0.39525303787331634
TDN..mg.N.L.,nm,USF07,3,0.1376739479171282
TDN..mg.N.L.,nm,USF12,3,0.08928571428571426
TDN..mg.N.L.,nm,USF13,3,0.039364791081110774
TDN..mg.N.L.,nm,USF14,3,0.3275490280498011
TDN..mg.N.L.,nm,USF15,3,0.30789608636681304
TDN..mg.N.L.,nm,USF16,3,0.2848994126517264
TDN..mg.N.L.,nm,USF17,3,0.22205395397855152
TDN..mg.N.L.,nm,USF18,3,0.29597297173897485
TDN..mg.N.L.,nm,USF19,3,0.1730126873493016
TDN..mg.N.L.,nm,USF20,3,0.27201964383486954
TDN..mg.N.L.,nm,USF21,3,0.21148927850193722
TDN..mg.N.L.,nm,USF22,3,0.24216105241892635
TDN..mg.N.L.,nm,USF23,3,0.11618856338545726
TDN..mg.N.L.,nm,USF24,3,0.23237712677091452
TDN..mg.N.L.,nm,USF25,3,0.3307189138830738
TDN..mg.N.L.,nm,USF26,3,0.2773500981126146
TDN..mg.N.L.,nm,USF28,3,0.5379349639086597
TDN..mg.N.L.,nm,USF29,3,0.4764613917080241
TDN..mg.N.L.,nm,USF31,3,0.18976585660336787
