Catchment,Constituent,Site,n_sites,CVt
br,NPOC..mg.C.L.,BRA01,3,0.16
br,NPOC..mg.C.L.,BRA02,3,0.3
br,NPOC..mg.C.L.,BRAA1,3,0.05
br,NPOC..mg.C.L.,BRAB1,3,0.1
br,NPOC..mg.C.L.,BRB01,3,0.18
br,NPOC..mg.C.L.,BRC01,3,0.12
br,NPOC..mg.C.L.,BRCD1,3,0.16
br,NPOC..mg.C.L.,BRD01,3,0.13
br,NPOC..mg.C.L.,BRE01,3,0.13
br,NPOC..mg.C.L.,BRF01,3,0.17
br,NPOC..mg.C.L.,BRM01,3,0.11
br,NPOC..mg.C.L.,BRM02,3,0.24
br,NPOC..mg.C.L.,BRM03,2,0.07
br,NPOC..mg.C.L.,BRM04,3,0.06
br,NPOC..mg.C.L.,BRM05,3,0.16
br,NPOC..mg.C.L.,BRM06,3,0.21
br,NPOC..mg.C.L.,BRM07,3,0.13
br,NPOC..mg.C.L.,BRMQ1,3,0.16
br,NPOC..mg.C.L.,BRMQ3,3,0.08
br,NPOC..mg.C.L.,BRMQ4,3,0.11
nm,NPOC..mg.C.L.,USF03,3,0.16
nm,NPOC..mg.C.L.,USF04,3,0.16
nm,NPOC..mg.C.L.,USF05,3,0.39
nm,NPOC..mg.C.L.,USF07,3,0.19
nm,NPOC..mg.C.L.,USF12,3,0.17
nm,NPOC..mg.C.L.,USF13,3,0.09
nm,NPOC..mg.C.L.,USF14,3,0.05
nm,NPOC..mg.C.L.,USF15,3,0.06
nm,NPOC..mg.C.L.,USF16,3,0.15
nm,NPOC..mg.C.L.,USF17,3,0.08
nm,NPOC..mg.C.L.,USF18,3,0.04
nm,NPOC..mg.C.L.,USF19,3,1.16
nm,NPOC..mg.C.L.,USF20,3,0.13
nm,NPOC..mg.C.L.,USF21,3,0.11
nm,NPOC..mg.C.L.,USF22,3,0.04
nm,NPOC..mg.C.L.,USF23,3,0.23
nm,NPOC..mg.C.L.,USF24,3,0.2
nm,NPOC..mg.C.L.,USF25,3,0.21
nm,NPOC..mg.C.L.,USF26,3,0.17
nm,NPOC..mg.C.L.,USF27,1,NA
nm,NPOC..mg.C.L.,USF28,3,0.35
nm,NPOC..mg.C.L.,USF29,3,0.3
nm,NPOC..mg.C.L.,USF31,3,0.16
br,TDN..mg.N.L.,BRA01,3,0.05
br,TDN..mg.N.L.,BRA02,3,0.09
br,TDN..mg.N.L.,BRAA1,3,0.09
br,TDN..mg.N.L.,BRAB1,3,0.07
br,TDN..mg.N.L.,BRB01,3,0.16
br,TDN..mg.N.L.,BRC01,3,0.18
br,TDN..mg.N.L.,BRCD1,3,0.44
br,TDN..mg.N.L.,BRD01,3,0.25
br,TDN..mg.N.L.,BRE01,3,0.18
br,TDN..mg.N.L.,BRF01,3,0.4
br,TDN..mg.N.L.,BRM01,3,0.07
br,TDN..mg.N.L.,BRM02,3,0.13
br,TDN..mg.N.L.,BRM03,2,0.34
br,TDN..mg.N.L.,BRM04,3,0.65
br,TDN..mg.N.L.,BRM05,3,0.11
br,TDN..mg.N.L.,BRM06,3,0.13
br,TDN..mg.N.L.,BRM07,3,0.27
br,TDN..mg.N.L.,BRMQ1,3,0.08
br,TDN..mg.N.L.,BRMQ3,3,0.37
br,TDN..mg.N.L.,BRMQ4,3,0.22
nm,TDN..mg.N.L.,USF03,3,0.09
nm,TDN..mg.N.L.,USF04,3,0.12
nm,TDN..mg.N.L.,USF05,3,0.4
nm,TDN..mg.N.L.,USF07,3,0.14
nm,TDN..mg.N.L.,USF12,3,0.09
nm,TDN..mg.N.L.,USF13,3,0.04
nm,TDN..mg.N.L.,USF14,3,0.33
nm,TDN..mg.N.L.,USF15,3,0.31
nm,TDN..mg.N.L.,USF16,3,0.28
nm,TDN..mg.N.L.,USF17,3,0.22
nm,TDN..mg.N.L.,USF18,3,0.3
nm,TDN..mg.N.L.,USF19,3,0.17
nm,TDN..mg.N.L.,USF20,3,0.27
nm,TDN..mg.N.L.,USF21,3,0.21
nm,TDN..mg.N.L.,USF22,3,0.24
nm,TDN..mg.N.L.,USF23,3,0.12
nm,TDN..mg.N.L.,USF24,3,0.23
nm,TDN..mg.N.L.,USF25,3,0.33
nm,TDN..mg.N.L.,USF26,3,0.28
nm,TDN..mg.N.L.,USF27,1,NA
nm,TDN..mg.N.L.,USF28,3,0.54
nm,TDN..mg.N.L.,USF29,3,0.48
nm,TDN..mg.N.L.,USF31,3,0.19
